batch,Mean Precision,Mean Recall,Mean F-Measure
1,0.23866213151927437,0.6380952380952382,0.37923719798719796
2,0.18597883597883597,0.425,0.36327086656034024
3,0.22619047619047625,0.532900432900433,0.37045111750994103
4,0.22777777777777777,0.4869047619047619,0.3486117477293948
5,0.21882716049382714,0.45968013468013463,0.3682484182484183
6,0.2638888888888889,0.35644996329206863,0.337649075540952
