batch,Mean Precision,Mean Recall,Mean F-Measure
1,0.7967687074829931,0.6511904761904762,0.6614357864357865
2,0.7099999999999999,0.5846296296296297,0.616294851273843
3,0.5148629148629148,0.7006493506493506,0.5764357864357864
4,0.6171296296296296,0.48075396825396827,0.4463274198568316
5,0.6834656084656084,0.5713684463684463,0.5967354398940076
6,0.5643386243386244,0.5430808080808079,0.5070455861743864
