batch,Mean Precision,Mean Recall,Mean F-Measure
1,0.5271825396825396,0.7134920634920635,0.5594183594183595
2,0.44933862433862437,0.5929629629629629,0.5146404973472644
3,0.3630952380952381,0.6324675324675325,0.47878559349147576
4,0.5041666666666665,0.4843253968253968,0.4003366051160168
5,0.46592913259579916,0.6232924482924482,0.5746640968680442
6,0.4152044252044252,0.5231180562887879,0.45802888631836
