batch,Strict,Lenient,MRR
1,0.38235294117647056,0.6764705882352942,0.4828431372549019
2,0.2549019607843137,0.6078431372549019,0.3977124183006536
3,0.4375,0.71875,0.5598958333333333
4,0.3870967741935484,0.8064516129032258,0.5655913978494623
5,0.20689655172413793,0.6206896551724138,0.35229885057471266
6,0.16666666666666666,0.6666666666666666,0.3194444444444444
