mean_precision,mean_recall,mean_f1,MAP,GMAP,batch
0.3055555555555556,0.5403723967425739,0.3126661594685531,0.3800511013236845,0.26379528325188234,10B1_golden
0.2922222222222222,0.5237618673510634,0.28207930452586805,0.3653919766091719,0.2526171851231642,10B2_golden
0.29438202247191014,0.5766366791278086,0.3031028938931623,0.35625734548560173,0.24496115643322106,10B3_golden
0.3077777777777778,0.531392084273165,0.3098611526137824,0.3698199996491994,0.24787553986076258,10B4_golden
0.3322222222222222,0.4743915714737494,0.31764541392767853,0.4115653540152532,0.28962115876189254,10B5_golden
0.5594594594594593,0.4231306892841484,0.4332700974566761,0.6939623908466824,0.6291554912462073,10B6_golden
