batch,Strict,Lenient,MRR
1,0.6176470588235294,0.8823529411764706,0.7132352941176471
2,0.6764705882352942,0.8235294117647058,0.7352941176470589
3,0.625,0.96875,0.7682291666666665
4,0.4838709677419355,0.8387096774193549,0.6247311827956988
5,0.6206896551724138,0.896551724137931,0.7235632183908046
6,0.5,0.6666666666666666,0.5555555555555556
