batch,Strict,Lenient,MRR
1,0.4411764705882353,0.7941176470588235,0.5696078431372548
2,0.7352941176470589,0.8529411764705882,0.7656862745098039
3,0.65625,0.96875,0.7838541666666665
4,0.5161290322580645,0.9032258064516129,0.6634408602150538
5,0.5862068965517241,0.8620689655172413,0.6833333333333333
6,0.6666666666666666,0.6666666666666666,0.6666666666666666
